{
  "model_type": "CNN1D_BiLSTM",
  "train_accuracy": 99.05,
  "val_accuracy": 73.11,
  "test_accuracy": 72.44,
  "test_f1_weighted": 0.7232,
  "cv_mean_accuracy": 71.17,
  "cv_std_accuracy": 1.42,
  "nervousness_binary_accuracy": 82.67,
  "nervousness_binary_f1": 0.8636,
  "n_classes": 7,
  "class_names": [
    "Neutral",
    "Happy",
    "Sad",
    "Angry",
    "Fear",
    "Disgust",
    "Pleasant"
  ],
  "n_train": 2100,
  "n_val": 450,
  "n_test": 450,
  "n_total": 3000,
  "seq_len": 5,
  "feature_size": 108,
  "per_class_accuracy": {
    "Neutral": 70.3,
    "Happy": 57.7,
    "Sad": 80.0,
    "Angry": 66.7,
    "Fear": 70.0,
    "Disgust": 78.1,
    "Pleasant": 100.0
  },
  "confusion_matrix": [
    [
      45,
      3,
      6,
      2,
      2,
      6,
      0
    ],
    [
      6,
      41,
      2,
      4,
      11,
      7,
      0
    ],
    [
      3,
      2,
      56,
      3,
      2,
      4,
      0
    ],
    [
      3,
      12,
      1,
      48,
      6,
      1,
      1
    ],
    [
      3,
      7,
      7,
      3,
      49,
      1,
      0
    ],
    [
      2,
      4,
      7,
      1,
      1,
      57,
      1
    ],
    [
      0,
      0,
      0,
      0,
      0,
      0,
      30
    ]
  ],
  "classification_report": {
    "Neutral": {
      "precision": 0.7258064516129032,
      "recall": 0.703125,
      "f1-score": 0.7142857142857143,
      "support": 64.0
    },
    "Happy": {
      "precision": 0.5942028985507246,
      "recall": 0.5774647887323944,
      "f1-score": 0.5857142857142857,
      "support": 71.0
    },
    "Sad": {
      "precision": 0.7088607594936709,
      "recall": 0.8,
      "f1-score": 0.7516778523489933,
      "support": 70.0
    },
    "Angry": {
      "precision": 0.7868852459016393,
      "recall": 0.6666666666666666,
      "f1-score": 0.7218045112781954,
      "support": 72.0
    },
    "Fear": {
      "precision": 0.6901408450704225,
      "recall": 0.7,
      "f1-score": 0.6950354609929078,
      "support": 70.0
    },
    "Disgust": {
      "precision": 0.75,
      "recall": 0.7808219178082192,
      "f1-score": 0.7651006711409396,
      "support": 73.0
    },
    "Pleasant": {
      "precision": 0.9375,
      "recall": 1.0,
      "f1-score": 0.967741935483871,
      "support": 30.0
    },
    "accuracy": 0.7244444444444444,
    "macro avg": {
      "precision": 0.7419137429470515,
      "recall": 0.7468683390296115,
      "f1-score": 0.7430514901778438,
      "support": 450.0
    },
    "weighted avg": {
      "precision": 0.7246685971660708,
      "recall": 0.7244444444444444,
      "f1-score": 0.7231654751194843,
      "support": 450.0
    }
  },
  "source": "CREMA-D + TESS",
  "datasets": [
    "CREMA-D (91 actors)",
    "TESS (2 speakers)"
  ]
}